Unnamed: 0	ID	sample	prediction	gold_label	eval_status
5	QT30_005	'but that exercise, Signus, did identify very years ago the problems that would be faced by this country in the event of a global pandemic', 'The test, track and trace it is great we have this technology'	self-contradiction	non-contradiction	FP
8	QT30_008	'have behaved with arrogance and with disrespect to the public', 'She accepted there was a potential damage to public consent and participation'	self-contradiction	non-contradiction	FP
17	QT30_017	'You have to admit to them', 'you can't just allow that mistakes will be make'	self-contradiction	non-contradiction	FP
30	QT30_030	'he wasn’t', 'he was shaking hands with the staff'	self-contradiction	non-contradiction	FP
35	QT30_035	'there could be a case for more target funding', 'it's not necessarily even about spending more money'	self-contradiction	non-contradiction	FP
37	QT30_037	'But you don't accept the risk for people like key workers', 'what Suresh said about people accepting the risk is not the full story'	self-contradiction	non-contradiction	FP
44	QT30_044	'Planning is still an impediment to the pace at which we want to move', 'we need to build build build'	self-contradiction	non-contradiction	FP
49	QT30_049	'Great idea; begs the question where are the teachers', 'We can open hotels, we can put up marquees and that way we can get more kids back into school'	self-contradiction	non-contradiction	FP
50	QT30_050	'when we look back on this, 10,000 deaths is too many', 'They have done better in terms of their death toll'	self-contradiction	non-contradiction	FP
52	QT30_052	'we haven’t had for almost a month now the figures of how many people have actually been tested on a daily basis', 'we’ve got the capacity'	self-contradiction	non-contradiction	FP
54	QT30_054	'that’s not what happened, Germany as an example', 'otherwise every country in the world would’ve done the same thing'	self-contradiction	non-contradiction	FP
57	QT30_057	'it was from a minority of people', 'there was violence'	self-contradiction	non-contradiction	FP
58	QT30_058	'there were huge amounts of peaceful protests on the streets as well', 'there was violence'	self-contradiction	non-contradiction	FP
66	QT30_066	'the simpler the message, the harsher it is', 'Clarity of messaging is critically important'	self-contradiction	non-contradiction	FP
68	QT30_068	'not primary issues', 'we’re talking about not unimportant issues'	self-contradiction	non-contradiction	FP
73	QT30_073	'But for this party to be caught up in something like this makes me sick.', 'I will always vote for the Labour party because I think it’s the best coalition of the left for this country'	self-contradiction	non-contradiction	FP
74	QT30_074	'what’s important here is that we see action', 'It’s all very well the Labour party saying sorry, and Keir Starmer did give an apology on the day he was elected'	self-contradiction	non-contradiction	FP
76	QT30_076	'there are systemic and institutional biases', 'you’re not doing it intentionally'	self-contradiction	non-contradiction	FP
79	QT30_079	'it was an aspirational working class family where we were in the middle class', 'I grew up in a working class family, my dad was an hourly worker'	self-contradiction	non-contradiction	FP
83	QT30_083	'this is totally different this time', 'there’s a least of the two evils, if you will'	self-contradiction	non-contradiction	FP
84	QT30_084	'Even that’s not going to solve the problem', 'It’s the only time I can remember in my lifetime though where the whole world is cooperating on a vaccine'	self-contradiction	non-contradiction	FP
85	QT30_085	'two miles at the side of me is Nottinghamshire who’ve gone into tier three from Friday', 'I live in West Lindsey which at the minute is relatively low in tier one'	self-contradiction	non-contradiction	FP
87	QT30_087	'significantly less than we neat need', 'we heard there are going to be vaccines before the end of the year'	self-contradiction	non-contradiction	FP
88	QT30_088	'that is a big hurdle it still hasn’t gone over', 'if -- it passes the safety data'	self-contradiction	non-contradiction	FP
89	QT30_089	'you’re being asked can you do it given that these freezers, you know -70, are necessary to get this distributed', 'We need people to believe and to take the vaccine'	self-contradiction	non-contradiction	FP
94	QT30_094	'businesses may look to do that in the future', 'As a government we’ve not got plans to introduce a passport or anything like that, of that nature'	self-contradiction	non-contradiction	FP
96	QT30_096	'but there’s a long way to go', 'Hope and help is here'	self-contradiction	non-contradiction	FP
98	QT30_098	'it is more about getting close to people and resolving it', 'Colleen’s point of view are we going to fall into the same trap where it comes to rolling out the logistics of this'	self-contradiction	non-contradiction	FP
103	QT30_103	'I think you’ll find, Nadhim, there is a willingness across the population and across businesses to do whatever you need, whatever is required to accelerate and deliver this vaccine', 'We heard before the show that good people are involved'	self-contradiction	non-contradiction	FP
106	QT30_106	'We’re not getting any of the balancing act right at all', '1,104 people died today and schools are shut'	self-contradiction	non-contradiction	FP
108	QT30_108	'I, as a doctor, think that is a reprehensible position', 'There seems to be an increasing, very vocal minority in Britain at the moment who seems to think that somehow if a human being in British society is above a certain age or has medical comorbidities'	self-contradiction	non-contradiction	FP
109	QT30_109	'We’ve had so many months when this has been potentially on the cards', 'we haven’t seen put into place the e-learning that’s necessary for those children so that they really can be receiving the kind of educational input they need'	self-contradiction	non-contradiction	FP
111	QT30_111	'yet, if you want to ship something like mince, for example, from Great Britain to Northern Ireland', 'No question of there being checks'	self-contradiction	non-contradiction	FP
112	QT30_112	'those checks will be there', 'You can call it a border or not'	self-contradiction	non-contradiction	FP
113	QT30_113	'secondly it contains the principle it should have a minimal impact on the every day lives of communities in Northern Ireland', 'Firstly, it was negotiated in order to avoid a border on the island of Ireland'	self-contradiction	non-contradiction	FP
114	QT30_114	'we can have a border internally within the United Kingdom', 'the United Kingdom under Theresa May fell into the trap that was led for them by the Republic of Ireland that the Belfast Agreement was about no borders on the island of Ireland'	self-contradiction	non-contradiction	FP
116	QT30_116	'The only thing on these islands was the approach to the ports at the south of England when they were trying to get across to Europe and that was caused by Covid-19', 'How much of this is being hyped up in the same way that remarijuana said'	self-contradiction	non-contradiction	FP
121	QT30_121	'it's too slow, too late', 'There's a resolution here'	self-contradiction	non-contradiction	FP
124	QT30_124	'putting together the damage which has been done by this virus', 'people should be thinking that we should divide our country'	self-contradiction	non-contradiction	FP
125	QT30_125	'They're going to get angry about the fact that they are being denied the thing they voted for', 'people in Scotland are not simply just going to say oh well, we voted for it but they said no, so let's move on'	self-contradiction	non-contradiction	FP
128	QT30_128	'I have to point out that we've already been in this situation', 'If the SNP get a majority in May then the Tories don't have any authority to deny a second independence referendum'	self-contradiction	non-contradiction	FP
129	QT30_129	'which isn't just how terrible Scotland would do if it went out there as an independent country', 'you need to come up with a good proposition for the union'	self-contradiction	non-contradiction	FP
130	QT30_130	'your business can't open', 'You could share a home life with a teacher going back into nonventilated setting'	self-contradiction	non-contradiction	FP
131	QT30_131	'We haven't had those things and we don't have a sight of what that would look like', 'clarity, funding, support for workers and businesses, that would make all of this easier to sustain'	self-contradiction	non-contradiction	FP
132	QT30_132	'the reality is you have to weigh up the extent to which people have sacrificed, staying inside', 'You call it decision by committee'	self-contradiction	non-contradiction	FP
135	QT30_135	'That would be the wrong thing to do', 'We could say we'll send hospitality back first, but we won't send schools back'	self-contradiction	non-contradiction	FP
138	QT30_138	'we know there were shortages', 'it has been very difficult to explain why there were no shortages'	self-contradiction	non-contradiction	FP
140	QT30_140	'we heard my colleague Jess Phillips in parliament today saying it is not rare for women to be subject to male violence', 'We heard the Met Police Commissioner say it is incredibly rare for a woman to be abducted from our street'	self-contradiction	non-contradiction	FP
142	QT30_142	'people have no idea what's going on here', 'in my native land, you can talk about anybody'	self-contradiction	non-contradiction	FP
143	QT30_143	'I don't think there's been racism of the coverage of Megan', 'I'm making a broader point'	self-contradiction	non-contradiction	FP
146	QT30_146	'that's not really good enough', 'they should suffer'	self-contradiction	non-contradiction	FP
148	QT30_148	'should we not have come up with some kind of better system by now a year in', 'I think much as I completely get not going abroad'	self-contradiction	non-contradiction	FP
151	QT30_151	'but at least do what the Scottish Government has done', 'the RCN is quite strongly making a compelling case for the 12.5 per cent increase'	self-contradiction	non-contradiction	FP
152	QT30_152	'in this instance, the EU call the shots on that', 'everything that the UK does is not perfect by any stretch'	self-contradiction	non-contradiction	FP
154	QT30_154	'I would treat them as a special case', 'I'm a limited company director myself who's received no help from the government whatsoever'	self-contradiction	non-contradiction	FP
156	QT30_156	'it's quite divisive', 'you isolate them as a special group'	self-contradiction	non-contradiction	FP
157	QT30_157	'so many people are facing unemployment', 'so many people are facing wage cuts'	self-contradiction	non-contradiction	FP
160	QT30_160	'we should be focused on our recovery', 'that would bring uncertainty'	self-contradiction	non-contradiction	FP
161	QT30_161	'All of these things would play second fiddle to a nationalist government who are only interested in separation', 'our parliament has to be focused to protect people's jobs'	self-contradiction	non-contradiction	FP
162	QT30_162	'We won't do that if the country is divided by independence', 'we'll need the skills and talents of everyone in this country to get through this recovery'	self-contradiction	non-contradiction	FP
163	QT30_163	'we can do something different', 'that's more of the same'	self-contradiction	non-contradiction	FP
166	QT30_166	'I know that people will make the case that things have happened since then', 'whether we spend it debating an issue that in reality was resolved almost seven years ago'	self-contradiction	non-contradiction	FP
167	QT30_167	'it's now internationally average for education', 'Scotland was once a world leader'	self-contradiction	non-contradiction	FP
168	QT30_168	'I'd prefer none of it', 'it's now the SNP's proposals are now saying they're going to wait now until 2023'	self-contradiction	non-contradiction	FP
172	QT30_172	'it has to actually be a national mission', 'When we talk about recovery it just can't be a campaign slogan'	self-contradiction	non-contradiction	FP
180	QT30_180	'you're asking about our £600 million investment to catch up on all the delayed appointments and treatments within the NHS', 'we're speaking about your party's manifesto that is not costed'	self-contradiction	non-contradiction	FP
182	QT30_182	'you do now support the four per cent', 'there hasn't been a pay review'	self-contradiction	non-contradiction	FP
183	QT30_183	'there would have been way fewer Labour MPs than there are now', 'I have not been elected once'	self-contradiction	non-contradiction	FP
185	QT30_185	'then what has he done in this Queen's speech', 'In 2019 the Prime Minister said he was level up this country'	self-contradiction	non-contradiction	FP
188	QT30_188	'I'm not sitting here, absolutely not, as a representative of any political party at all', 'I ran firstly as an independent'	self-contradiction	non-contradiction	FP
190	QT30_190	'What it's useless at is actually coming up with prescriptions', 'It's very good at telling us what the divisions are in our country'	self-contradiction	non-contradiction	FP
191	QT30_191	'the system we're in makes life often worse generation after generation for working-class people', 'they're up against extremely powerful people with a private education, with inherited money, for whom life will always get better'	self-contradiction	non-contradiction	FP
199	QT30_200	'they don't worry in general about this', 'People worry about media bias, they worry about low turnout'	self-contradiction	non-contradiction	FP
201	QT30_202	'we also have to look at that evidence and be cautious but irreversible', 'Human nature is that we want to look forward to better times'	self-contradiction	non-contradiction	FP
210	QT30_211	'I called back in January for a comprehensive hotel quarantine', 'the challenge was put to me about captain hindsight'	self-contradiction	non-contradiction	FP
211	QT30_212	'I called out the issue of the failure to put India onto the red list for 14 days after Pakistan and Bangladesh had already been added', 'the challenge was put to me about captain hindsight'	self-contradiction	non-contradiction	FP
217	QT30_218	'we know that the coronavirus mutates when it's in high circulation', 'there may not have been a variant of concern'	self-contradiction	non-contradiction	FP
220	QT30_221	'nationalisation of trains isn't all it's cracked up to be', 'it's a beneficial thing'	self-contradiction	non-contradiction	FP
222	QT30_223	'we've got to learn and improve', 'franchises just doesn't work'	self-contradiction	non-contradiction	FP
223	QT30_224	'one thing I have noticed however is potentially the one thing that unifies both sides is a disillusionment in the current political leadership', 'at times like this as a humble shop keeper it's quite important to put your hands up and not profess to have any superior knowledge to what we all read in the papers or see on the TV'	self-contradiction	non-contradiction	FP
227	QT30_228	'but the evidence isn't as clear at the moment of the evidence of the one-to-one tuition.', 'if delivered not right away, may well improve life chances,'	self-contradiction	non-contradiction	FP
228	QT30_229	'it is just not going to happen', 'You're spending 50 per child'	self-contradiction	non-contradiction	FP
229	QT30_230	'We have a government that has a catch phrase about levelling up', 'We don't have a government which is matching the wishes that young people have for themselves right now'	self-contradiction	non-contradiction	FP
231	QT30_232	'in the Netherlands it is 200', 'He is talking about £310 per pupil'	self-contradiction	non-contradiction	FP
241	QT30_242	'not the date', 'It should be following the data'	self-contradiction	non-contradiction	FP
246	QT30_247	'I do think the government should come up with an incentive scheme to pay landlords who support poor tenants or people who struggle with their rent', 'A landlord should have the right to use his property and let whoever he wants in there to rent'	self-contradiction	non-contradiction	FP
256	QT30_257	'I'm not sure this is the way to do it', 'That's what we're aiming for'	self-contradiction	non-contradiction	FP
257	QT30_258	'But the fact of the matter is, and Sarah is right, the failure to close the borders', 'We all want people to get back to work'	self-contradiction	non-contradiction	FP
258	QT30_259	'it is the constant interference from the requirement to do that that is painful', 'we all, more or less have common sense and realise that we're going to have to sacrifice another 4 weeks'	self-contradiction	non-contradiction	FP
269	QT30_270	'I can't be against it', 'it is going to be close to zero, the impact on GDP'	self-contradiction	non-contradiction	FP
270	QT30_271	'I do buy the product', 'I'm not an expert on farming'	self-contradiction	non-contradiction	FP
271	QT30_272	'It can't be both', 'The matter is closed one minute and he took decisive action the next'	self-contradiction	non-contradiction	FP
278	QT30_279	'It is not entirely an unknown', 'That's an unknown'	self-contradiction	non-contradiction	FP
279	QT30_280	'actually, we fired him', 'the case is closed'	self-contradiction	non-contradiction	FP
280	QT30_281	'I don't disagree', 'I have been fighting against some of the excessive limitations about this'	self-contradiction	non-contradiction	FP
284	QT30_285	'Jeremy Corbyn was really demonised', 'I'm not taking issue with what was just said'	self-contradiction	non-contradiction	FP
286	QT30_287	'that doesn’t mean it is going to be the only vaccine', 'it is the first evidence that it is a vaccine vaccine-preventible disease'	self-contradiction	non-contradiction	FP
287	QT30_288	'we could have a different conversation in four weeks’ time', 'Right now we have to work as if this is the only vaccine that’s going to work'	self-contradiction	non-contradiction	FP
288	QT30_289	'that’s assuming everybody comes in for their first shot and for their second shot and you are not playing catch-up', 'If you start vaccinating in January, given that it takes 5 to 6 weeks to get immunity, and you did a million people a week, we wouldn’t get that 10 million vaccinated until way into April'	self-contradiction	non-contradiction	FP
289	QT30_290	'it is also the case of tens of thousands of NHS frontline and care staff are also, still, a month after vaccine roll-out began, unvaccinated', 'I appreciate there are logistical issues'	self-contradiction	non-contradiction	FP
291	QT30_292	'There is no support for us', 'which is good'	self-contradiction	non-contradiction	FP
292	QT30_293	'not in the best interests of the people who live here', 'because the reality is also that throughout all of the Brexit debate what was very clear was the fact of the about the was very much on an English agenda'	self-contradiction	non-contradiction	FP
296	QT30_297	'the idea of a passport is ethically unacceptable', 'I work in healthcare and I encourage every patient I meet to get their COVID vaccine'	self-contradiction	non-contradiction	FP
305	QT30_306	'that's a distraction from what's going on', 'which they keep referring to as a huge success'	self-contradiction	non-contradiction	FP
308	QT30_309	'At that point, I was like hold on a second, again, we are being mocked in Parliament', 'up until then, you know the Prime Minister had a really good kind of you know, what he said made sense'	self-contradiction	non-contradiction	FP
309	QT30_310	'domestic violence against man with a woman and the only difference is a man doesn't report it as much as a woman does', 'Domestic violence against men with women is high compared and obviously, men against women is high'	self-contradiction	non-contradiction	FP
312	QT30_313	'I believe her', 'There is an independent review of whether or not the first minister broke the code of conduct'	self-contradiction	non-contradiction	FP
317	QT30_318	'I'm feeling positive about COP, actually', 'The leaders didn't have support'	self-contradiction	non-contradiction	FP
318	QT30_319	'I couldn't get a dog sitter', 'I was invited'	self-contradiction	non-contradiction	FP
320	QT30_321	'You don't need to be paid in order to be a whistle-blower', 'He was being paid for that'	self-contradiction	non-contradiction	FP
324	QT30_325	'There's plenty more to be done, clearly', 'I'm optimistic'	self-contradiction	non-contradiction	FP
325	QT30_326	'It doesn't mean they should be let off things', 'a few weeks ago we were talking about the importance of remembering that MPs are human beings'	self-contradiction	non-contradiction	FP
326	QT30_327	'there are big questions about how the deforestation agreement will be enforced', 'in that world with, yes, the small steps forward are welcome'	self-contradiction	non-contradiction	FP
329	QT30_330	'what about the actual politicians that are attending this conference', 'The cost to the consumer, the general public'	self-contradiction	non-contradiction	FP
330	QT30_331	'they are trying to persuade us, ordinary people, to adjust our lifestyles to meet their ambitions', 'fish gotta swim and the rich got to fly'	self-contradiction	non-contradiction	FP
337	QT30_338	'is it because the process needs review', 'Was it because of Mr Paterson'	self-contradiction	non-contradiction	FP
338	QT30_339	'People use it all the time', 'It was always hugely offensive'	self-contradiction	non-contradiction	FP
341	QT30_342	'that is the sort of things people need to do', 'It is not sexy talking about insulating your loft'	self-contradiction	non-contradiction	FP
343	QT30_344	'that choice is taken away from me', 'I want to drive to be green'	self-contradiction	non-contradiction	FP
345	QT30_346	'If I used the train', 'I can't get there for £30 on a flight'	self-contradiction	non-contradiction	FP
348	QT30_349	'once they get out of Europe, away from the media, where there are governments that can't or don't regulate or whatever it is, and those companies in those countries are behaving in a blatantly irresponsible way', 'some of those companies are behaving well'	self-contradiction	non-contradiction	FP
351	QT30_352	'it's the perpetrators and the focus should be on them and on educating them', 'why women have to be fearful of what they're actually…where they're going'	self-contradiction	non-contradiction	FP
352	QT30_353	'it's never enough', 'one, legislation is really important'	self-contradiction	non-contradiction	FP
353	QT30_354	'there are two other things you need', 'You can have the legislation'	self-contradiction	non-contradiction	FP
354	QT30_355	'they can't actually come to class', 'they've chosen to study in Scotland'	self-contradiction	non-contradiction	FP
356	QT30_357	'we are not allowed to teach people in larger groups yet, even with social distancing', 'unlike in England'	self-contradiction	non-contradiction	FP
360	QT30_361	'which I think was an absolute failure', 'but we didn't include the largest hate crime, which is sexism and misogyny in that Hate Crime bill'	self-contradiction	non-contradiction	FP
371	QT30_372	'there's only one thing that I kind of sigh about when it comes to the Scottish Government as it is', 'I would be so proud for there to be an independent Scotland'	self-contradiction	non-contradiction	FP
374	QT30_375	'don't dehumanise to the lengths that some might', 'every politicians does have family scrutinised, criticised, hold politicians accountable, do all of that, that's a life bud of our democracy'	self-contradiction	non-contradiction	FP
376	QT30_377	'not be separate from the people', 'recognising that our politicians are there to serve the people and be accessible to the people'	self-contradiction	non-contradiction	FP
377	QT30_378	'the challenge for all of us is that the worst atrocities start somewhere', 'I don't think there is any politician, I can't think of any, who haven't had to face threatening behaviour, who haven't been subject to intimidating threats'	self-contradiction	non-contradiction	FP
380	QT30_381	'It struck me to deliver a speech in that fashion on the very day that Universal Credit was coming to an end for a lot of people', 'Boris Johnson did what Boris Johnson does'	self-contradiction	non-contradiction	FP
385	QT30_387	'yet this is what you're hearing', 'The largest group voted Conservative here'	self-contradiction	non-contradiction	FP
386	QT30_388	'people don't seem to be hearing it', 'you can list the pollees'	self-contradiction	non-contradiction	FP
387	QT30_389	"'unless we are saying to these farmers ""We don't want a pig industry in this country""', 'It has to be resolved'"	self-contradiction	non-contradiction	FP
388	QT30_390	'we haven't got this over the line', 'I believe Steve Barkley who is charged with saving Christmas yet again is doing everything he can'	self-contradiction	non-contradiction	FP
391	QT30_393	'these sectors are worth a lot to our economy', 'We have seen a daffodil harvest that didn't happen'	self-contradiction	non-contradiction	FP
393	QT30_395	'the temporary visas is not enough', 'I dealt with the issue around the visas on the abattoirs'	self-contradiction	non-contradiction	FP
394	QT30_396	'they have to go home in order to reapply, in order to come back', 'they could switch to being able to work in the abattoirs'	self-contradiction	non-contradiction	FP
396	QT30_398	'but it is a wider question', 'I know it is about Prince Andrew'	self-contradiction	non-contradiction	FP
397	QT30_399	'it is a lot of people now don't want to cut up meat', 'Maybe it is the conditions'	self-contradiction	non-contradiction	FP
398	QT30_400	'there has been no plans for training butchers at all', 'I don't know how long it takes to train a butcher'	self-contradiction	non-contradiction	FP
399	QT30_401	'nobody wants to admit to it in the Government', 'the problem here is the elephant in the room and nobody wants to admit to it in the Government is Brexit'	self-contradiction	non-contradiction	FP
403	QT30_405	'I don't feel as a woman that either care about safety', 'right now there is a government inquiry and a Met inquiry'	self-contradiction	non-contradiction	FP
405	QT30_407	'it isn't encouraging conversation on what's going on now', 'We are looking at the society of Victoria, which is important'	self-contradiction	non-contradiction	FP
406	QT30_408	'we need to solve the fundamental sickness in society that men have', 'we need to give money to the police'	self-contradiction	non-contradiction	FP
417	QT30_419	'now, you know, that's not allowed for insurance and things like that', 'In the olden days, they used to be able to take their wives with them'	self-contradiction	non-contradiction	FP
424	QT30_426	'actually it's the right thing to do', 'it might be inconvenient'	self-contradiction	non-contradiction	FP
425	QT30_427	'they wouldn't have to take those actions', 'It's inconvenient and it's not the best way'	self-contradiction	non-contradiction	FP
428	QT30_430	'he's referencing Kermit the frog', 'Boris Johnson today is talking about a turning point for humanity'	self-contradiction	non-contradiction	FP
430	QT30_432	'the more restrictions we put, it's like where does it end', 'I don't support that'	self-contradiction	non-contradiction	FP
431	QT30_433	'the way that they're doing it just really making people's days really bad and horrible', 'they're right in that'	self-contradiction	non-contradiction	FP
432	QT30_434	'not the way they're doing it', 'Most of us agree with what they're about'	self-contradiction	non-contradiction	FP
433	QT30_435	'their voting base is in agreement that we want to make this a greener world', 'you might not like all their policies by any means'	self-contradiction	non-contradiction	FP
434	QT30_436	'you're not winning people over and you're not helping the cause', 'we want to tackle climate change'	self-contradiction	non-contradiction	FP
435	QT30_437	'this isn't normal protest', 'protecting those very sacred rights'	self-contradiction	non-contradiction	FP
436	QT30_438	'it's important to say, I don't agree with the means at all', 'Absolutely'	self-contradiction	non-contradiction	FP
437	QT30_439	'The cause I do agree with', 'it's important to say, I don't agree with the means at all'	self-contradiction	non-contradiction	FP
439	QT30_441	'I don't agree with the means', 'I absolutely agree with their aims'	self-contradiction	non-contradiction	FP
440	QT30_442	'any rational person would disagree with their methods', 'I think any rational person would agree with their cause'	self-contradiction	non-contradiction	FP
452	QT30_454	'it is more than that', 'we know the extent of the cladding that isn't fit for purpose'	self-contradiction	non-contradiction	FP
455	QT30_457	'at the moment the UK Government has not yet committed to sending vaccines to India', 'It is both the morally right thing to do, and also a self-interested thing to do to make sure that we get this parallel roll-out'	self-contradiction	non-contradiction	FP
457	QT30_459	'making the pie bigger', 'We believe the real answer lies in not fighting about the pieces of the vaccine pie'	self-contradiction	non-contradiction	FP
459	QT30_461	'the Oxford AstraZeneca vaccine is 97% funded by us, the public, the taxpayers', 'in the world trade organisation negotiation so far, our Government has blocked those sorts of moves'	self-contradiction	non-contradiction	FP
465	QT30_467	'that's how some people have expressed it', 'A terrible thing to say'	self-contradiction	non-contradiction	FP
468	QT30_470	'the social, cultural, historical values bring forward a very different way of society working', 'a Western white version of democracy'	self-contradiction	non-contradiction	FP
472	QT30_474	'they've never been granted', 'I've tabled a number of urgent questions to drag the Foreign Secretary to the House of Commons in order to answer questions about this'	self-contradiction	non-contradiction	FP
474	QT30_476	'Stop putting words in my mouth', 'the whole thing with Afghanistan was doomed from the start, it was a total catastrophe, no good came out of it'	self-contradiction	non-contradiction	FP
476	QT30_478	'What he's just done is to to do something similar to what happened in Syria in 2013/14', 'President Biden believes by leaving he's ending the forever wars, ending the global war on terror'	self-contradiction	non-contradiction	FP
478	QT30_480	'It is the most nonsensical thing I've heard in my life', 'War is terror'	self-contradiction	non-contradiction	FP
491	QT30_493	'it is something that is becoming a bit of a dog's dinner', 'Northern Ireland wasn't my biggest concern when I voted to leave the EU'	self-contradiction	non-contradiction	FP
493	QT30_495	'the Government have decided to reduce the percentage as well', 'it would have reduced anyway due to the pandemic'	self-contradiction	non-contradiction	FP
495	QT30_497	'all we're saying is more needs to be delivered. More needs to be delivered', 'Pounds after pounds and euros after euros and dollars after dollars are going into this pot'	self-contradiction	non-contradiction	FP
501	QT30_503	'some of them will', 'many of those people who get the virus today, tomorrow, next week even if they don't end up in hospital'	self-contradiction	non-contradiction	FP
502	QT30_504	'The pictures were there', 'The Government is insisting rules were followed at the G7'	self-contradiction	non-contradiction	FP
503	QT30_505	'Welsh supporters can't go', 'Denmark supporters can go'	self-contradiction	non-contradiction	FP
504	QT30_506	'The vast majority of them have not got Covid', '250,000 children missed school last week because of Covid-related stuff'	self-contradiction	non-contradiction	FP
508	QT30_510	'we know on a day-to-day basis unfortunately for many people it doesn't', 'they are buying into the idea that's what Britain looks like'	self-contradiction	non-contradiction	FP
512	QT30_514	'the test of that apology and whether that apology carries weight is what are you going to do to turn around this absolutely awful record', 'I'm sure people appreciate the apology that you have made'	self-contradiction	non-contradiction	FP
513	QT30_515	'it would be a bad assessment to assume he was trying to make a direct link to the conversation that had been happening previously', 'the Prime Minister's comments were clumsy'	self-contradiction	non-contradiction	FP
518	QT30_520	'of course, it would be better if it were sooner', 'It does matter'	self-contradiction	non-contradiction	FP
522	QT30_524	'it's a bittersweet thing', 'I don't want to get soppy about it because the death falling from the skies falling from an aeroplane are still real'	self-contradiction	non-contradiction	FP
523	QT30_525	'That clearly was completely and utterly wrong', 'that the Afghan government had the resilience to hold out'	self-contradiction	non-contradiction	FP
524	QT30_526	'There is a Covid pandemic', 'Starve them out'	self-contradiction	non-contradiction	FP
525	QT30_528	'I would love to see more from him on Black Lives Matter', 'Keir Starmer, yes, please'	self-contradiction	non-contradiction	FP
526	QT30_529	'I value that he doesn't oppose things that shouldn't be opposed just for the sake of opposing them', 'I would love to see more from him on really going out and being in opposition'	self-contradiction	non-contradiction	FP
529	QT30_532	'not the dates', 'if we are to follow the data'	self-contradiction	non-contradiction	FP
533	QT30_536	'many people could end up in hospital', 'death rates should be much, much lower'	self-contradiction	non-contradiction	FP
541	QT30_544	'it's a much smaller risk', 'It happens'	self-contradiction	non-contradiction	FP
542	QT30_545	'on this red, amber, green', 'I think we should be transitioning to that system'	self-contradiction	non-contradiction	FP
547	QT30_550	'25 years on and whenever I walk in the street alone, I wear headphones because of how I walk and I talk', 'this groundbreaking Disability Act'	self-contradiction	non-contradiction	FP
571	QT50_003	'the less severe end of disease is harder to protect against with vaccination', 'The more serious end of the spectrum of disease seems to be reasonably well controlled by vaccination'	self-contradiction	non-contradiction	FP
575	QT50_007	'the excuse being given was those in government were working incredibly hard', 'we look back to a year ago in terms of Christmas being cancelled and parts of the UK where families were in the car with their turkeys, told to turn back'	self-contradiction	non-contradiction	FP
585	QT50_017	'There was no plan, no plan', 'When'	self-contradiction	non-contradiction	FP
589	QT50_021	'I don't believe that at all', 'People, particularly the Labour Party, seem to define levelling up as between north and south'	self-contradiction	non-contradiction	FP
590	QT50_022	'Maggie is a wonderful exception', 'Isn't that because scientists don't want to be politicians'	self-contradiction	non-contradiction	FP
593	QT50_025	'I can't wait to see her go against Priti Patel in the despatch box', 'Yvette is obviously a loss to the home affairs economy'	self-contradiction	non-contradiction	FP
594	QT50_026	'that money will be clawed back', 'Yes'	self-contradiction	non-contradiction	FP
598	QT50_030	'I'm prepared to take the risk', 'they will say if we do that we take away from investments'	self-contradiction	non-contradiction	FP
606	QT50_038	'you don't have the freedom to shout fire in a crowded restaurant', 'you do have the freedom to do a lot of things'	self-contradiction	non-contradiction	FP
609	QT50_041	'it's not just an error', 'partly because of the sort of error'	self-contradiction	non-contradiction	FP
611	QT50_044	'Tony Blair who was directed by an inner morality and he took us to war', 'We have had Prime Ministers who have been paragons of morality like Theresa May and she was rubbish at the job'	self-contradiction	non-contradiction	FP
616	QT50_049	'clearly we are at 30,000 deaths', 'it is dangerous and that's certainly what our public health expert colleagues say to draw conclusions at this point'	self-contradiction	non-contradiction	FP
620	QT50_053	'it is difficult to talk about celebration when we are talking about it in the context of Margaret's questions of 30,000 deaths', 'This is due to the hard effort of 1 million front line staff that we have managed to avoid an overwhelming situation'	self-contradiction	non-contradiction	FP
621	QT50_054	'at the same time we can't simply say this is something for the future', 'We have to answer that question as to why we have ended up with this tragic death toll as we have'	self-contradiction	non-contradiction	FP
623	QT50_056	'now they are taking five days', 'I was talking to a Trust Chief Executive who two weeks ago could get tested in a day'	self-contradiction	non-contradiction	FP
628	QT50_061	'it is also true to say, though, it is going to require oversight', 'the app is very much part of that'	self-contradiction	non-contradiction	FP
631	QT50_064	'not started building it at the beginning of April', 'If we would have done, we would have had the tests of the 100,000 in place by the beginning of April'	self-contradiction	non-contradiction	FP
640	QT50_073	'not just in this COVID time', 'You have to do that any time'	self-contradiction	non-contradiction	FP
643	QT50_076	'we can't then have different interventions in different parts of the country', 'as we come out we have to be together to help simplify the messaging'	self-contradiction	non-contradiction	FP
645	QT50_078	'even people who are supposed to be really called', 'When this whole invasion was announced by Mr Putin, he called in his top echelon'	self-contradiction	non-contradiction	FP
649	QT50_082	'and they didn't listen', 'We thought this and we said to government what were the dangers on our own doorstep'	self-contradiction	non-contradiction	FP
650	QT50_083	'there will be more people who might decide to come out and say how dismayed they are and outraged at what their government is doing as you just did', 'Some are on the sanctions list'	self-contradiction	non-contradiction	FP
652	QT50_085	'it is not all the people in Russia', 'whatever else we do, we should not be giving them and him an easy ride'	self-contradiction	non-contradiction	FP
657	QT50_090	'he has 18 months to declare what the assets are', 'His assets can be frozen'	self-contradiction	non-contradiction	FP
658	QT50_091	'if they go to France, they can get in a dinghy and get free entry', 'isn't it ironic that we've got people in need, yeah, because of the war, who are having barriers put in front of them to come to this country'	self-contradiction	non-contradiction	FP
661	QT50_094	'there would be people around him who would think he's crazy', 'maybe he would press the button'	self-contradiction	non-contradiction	FP
664	QT50_097	'now I can fully speak English', 'I come in here and I have no English'	self-contradiction	non-contradiction	FP
666	QT50_099	'The only major economy incidentally in the world that is imposing taxes at a time like this', 'that will clobber the average family by over an extra £1,000 a year'	self-contradiction	non-contradiction	FP
671	QT50_104	'when that goes up after tomorrow we will still have significantly lower energy prices than many other European countries', 'the energy price cap'	self-contradiction	non-contradiction	FP
672	QT50_105	'But really not that much', 'So a little bit of it has been helped'	self-contradiction	non-contradiction	FP
673	QT50_106	'So I think the bottom line is the Chancellor is not doing as much as he could do', 'What the Chancellor is doing is bringing that down to 2.2 per cent'	self-contradiction	non-contradiction	FP
675	QT50_108	'they need more weapons', 'I'm feeling more optimistic'	self-contradiction	non-contradiction	FP
678	QT50_111	'the city centre is well fortified', 'they were shelled on the outside of Kyiv'	self-contradiction	non-contradiction	FP
680	QT50_113	'in some areas the tide is turning somewha', 'not only have they been able to resist it'	self-contradiction	non-contradiction	FP
689	QT50_122	'more should be done to let the Russian people know what's being done in their name', 'it's okay giving Ukrainians defensive weapons'	self-contradiction	non-contradiction	FP
700	QT50_133	'all the other things that need to be done, you haven't done it', 'both parties can take their hats off and say, actually that was down to us'	self-contradiction	non-contradiction	FP
703	QT50_136	'you cut the subsidies when it came to onshore wind and solar', 'he could say to me that, I don't know, that we weren't sufficiently in favour of nuclear early enough'	self-contradiction	non-contradiction	FP
708	QT50_141	'that's different to the long-term strategy that we've launched today with renewables, nuclear, and making sure we're not increasing our imports of oil and gas', 'these are the important things that we've announced to help people with bills'	self-contradiction	non-contradiction	FP
709	QT50_142	'that's slightly missing the picture', 'It is ridiculous that companies can make excessive profits'	self-contradiction	non-contradiction	FP
710	QT50_143	'The tide comes in and out twice a day and offers an almost endless opportunity to generate electricity', 'The strategy doesn't talk about tidal generation'	self-contradiction	non-contradiction	FP
714	QT50_147	'we also need to be saving the planet', 'winter is coming'	self-contradiction	non-contradiction	FP
716	QT50_149	'the reality is we cannot simply wait for Vladimir Putin to have an accounting with his god', 'I have complete sympathy with what was understood'	self-contradiction	non-contradiction	FP
718	QT50_151	'if we hadn't cut it, if the Government hadn't cut it.', 'nine million homes would have been insulated'	self-contradiction	non-contradiction	FP
721	QT50_154	'it's never actually explained to us what actions need to be taken or what sanctions have been put forward', 'the news is actions need to be taken, sanctions have been put forward'	self-contradiction	non-contradiction	FP
725	QT50_158	'Putin clearly hasn't seen the sunlight in quite a while', 'It's the International Criminal Court'	self-contradiction	non-contradiction	FP
727	QT50_160	'the reality is we cannot simply wait for Vladimir Putin to have an accounting with his god', 'I have complete sympathy with what was understood'	self-contradiction	non-contradiction	FP
728	QT50_161	'not because of his wife's tax arrangements', 'there is clear evidence that Rishi Sunak is out of touch'	self-contradiction	non-contradiction	FP
731	QT50_164	'there seems to be a real problem with the whole concept of non-dom status', 'I'm not talking about Rishi Sunak's wife'	self-contradiction	non-contradiction	FP
732	QT50_165	'this was a case of just firing and it actually wasn't the hire and fire sort of case as such', 'We are also, in terms of putting in place new measures on hire and fire'	self-contradiction	non-contradiction	FP
733	QT50_166	'they charge it from Luxemburg or somewhere', 'of companies, that you can buy something here and they make the money here'	self-contradiction	non-contradiction	FP
734	QT50_167	'the rules are wrong', 'I'm not criticising her at all'	self-contradiction	non-contradiction	FP
741	QT50_174	'We know value brands aren't as good for us', 'we've got the government saying value brands'	self-contradiction	non-contradiction	FP
742	QT50_175	'we don't see this in the rest of Europe', 'We have so much more homelessness in this country than we did 12 years ago'	self-contradiction	non-contradiction	FP
744	QT50_177	'people need to look at their own local authorities', 'we keep talking about how much MPs get paid and everybody else'	self-contradiction	non-contradiction	FP
746	QT50_179	'there's one of them that's sticking out that won't actually give me the price increase that we need', 'Most of them have said yes'	self-contradiction	non-contradiction	FP
747	QT50_180	'Some of them are better than others', 'I would say insulated'	self-contradiction	non-contradiction	FP
754	QT50_187	'to demonise them and say it's just because they don't care that tens of thousands of people died is coarsening a debate in a way that is not fair to individuals across the board', 'you can say you got things wrong and we'll have an enquiry'	self-contradiction	non-contradiction	FP
759	QT50_192	'But people have died', 'I don't care if someone had a beer after a long, hard day'	self-contradiction	non-contradiction	FP
761	QT50_194	'now that COVID is over we still seem to have a medical system where elderly patients can't get appointments', 'we couldn't make the right decisions'	self-contradiction	non-contradiction	FP
765	QT50_198	'this is, I think, really complicated and I genuinely don't know how I feel', 'I felt I knew a lot about that'	self-contradiction	non-contradiction	FP
767	QT50_200	'Or is it that they're going to get released and we're going to go through this again', 'As much as we don't want to think that she's going to get released, is it not setting the precedence for everybody else that's been jailed since that they're going to have to spend that much time in and they're not going to get a chance to be released'	self-contradiction	non-contradiction	FP
769	QT50_202	'It is now - this is driving tonight, it is £1.70, £1.80', '2010 to 2014, we were paying about £1.30 a litre'	self-contradiction	non-contradiction	FP
771	QT50_204	'our counterparts in Europe won't change the basis upon which they want to negotiate', 'The government consistently tried to negotiate'	self-contradiction	non-contradiction	FP
775	QT50_208	'we wouldn't have had an announcement since the 6th June', 'we hadn't announced it today'	self-contradiction	non-contradiction	FP
777	QT50_210	'we saw some of the debate going on about the merits of a windfall tax', 'we have had the announcement'	self-contradiction	non-contradiction	FP
782	QT50_215	'A blind man on a galloping horse would see this for what it is', 'I try hard not to be cynical about these things'	self-contradiction	non-contradiction	FP
784	QT50_217	'Stormont is going to do anything', 'As a unionist I agree with most of what Emma said'	self-contradiction	non-contradiction	FP
785	QT50_218	'Wasn't it another party that brought Stormont down and Michelle O'Neil was the Health Minister at the time', 'everyone is quick to point to the DUP for bringing down Stormont'	self-contradiction	non-contradiction	FP
787	QT50_220	'the government not only ploughed ahead with Brexit but ploughed ahead with the hardest form of Brexit', 'When the majority of people in Northern Ireland did not consent to that change'	self-contradiction	non-contradiction	FP
791	QT50_224	'Where was the concern about the impact on the Good Friday Agreement', 'I listen carefully to Robert saying the importance of consent'	self-contradiction	non-contradiction	FP
792	QT50_225	'Something crucial changed', 'we didn't want it to go ahead in that way'	self-contradiction	non-contradiction	FP
793	QT50_226	'we do', 'We know that Boris Johnson doesn't have a personal regard for the law'	self-contradiction	non-contradiction	FP
798	QT50_231	'it is important to Unionists', 'I understand the Protocol and Northern Ireland's place in the Union is not important to Sinn Fein'	self-contradiction	non-contradiction	FP
799	QT50_232	'It's not a case of me not listening', 'He has his view'	self-contradiction	non-contradiction	FP
807	QT50_240	'that's what I am saying tonight', 'this is a difficult thing for me as a lifelong Conservative to be sitting here'	self-contradiction	non-contradiction	FP
809	QT50_242	'it doesn't seem to apply to the government', 'Think how difficult it is for magistrates applying the rules yet'	self-contradiction	non-contradiction	FP
816	QT50_249	'all we're seeing is just the sort of tit for tat chat', 'Are you fade to represent the people of the nation'	self-contradiction	non-contradiction	FP
817	QT50_250	'you can't say he doesn't have political courage', 'I tend to disagree with him on this particular judgment call'	self-contradiction	non-contradiction	FP
819	QT50_252	'No real solutions', 'Lots and lots of politics'	self-contradiction	non-contradiction	FP
820	QT50_253	'this question is urgent and it is important', 'That's what from us me what we have been listening to with our political friends for the last three or 4 minutes'	self-contradiction	non-contradiction	FP
825	QT50_258	'the youngsters who might benefit won't know it is them who will benefit', 'if there is a planning application for more homes you get all the people in the area turning up saying they don't want t'	self-contradiction	non-contradiction	FP
827	QT50_260	'we need to do more as a society to help young people feel that getting a food on the property ladder is a realisable dream they can fulfil', 'We have done everything we can to help them'	self-contradiction	non-contradiction	FP
828	QT50_261	'in 1970 whether I got married I felt very bitter about it', 'I agree with affordable however'	self-contradiction	non-contradiction	FP
829	QT50_262	'you take a house as three people', 'I have nothing against students'	self-contradiction	non-contradiction	FP
830	QT50_263	'yet you stayed', 'You knew it'	self-contradiction	non-contradiction	FP
832	QT50_265	'What was it they didn't spot', 'I'm absolutely shocked that they kept this man in place for so long'	self-contradiction	non-contradiction	FP
834	QT50_267	'It's our country', 'We didn't'	self-contradiction	non-contradiction	FP
839	QT50_272	'That's not right', 'they decided to get Owen Paterson off'	self-contradiction	non-contradiction	FP
840	QT50_273	'three weeks ago, they were voting to keep Boris in', 'a lot of the people are standing now for this candidate leadership'	self-contradiction	non-contradiction	FP
841	QT50_274	'they don't come up with any ideas', 'the Labour Party are fabulous at criticising'	self-contradiction	non-contradiction	FP
845	QT50_278	'that comes at a price', 'To the lady's point here about the tax rises, and that's great'	self-contradiction	non-contradiction	FP
846	QT50_279	'that was ignored', 'They are allowed to produce food to different standards'	self-contradiction	non-contradiction	FP
847	QT50_280	'dealing with the actual issues and being ready on day one to come in, not as an apprenticeship but ready on day one is really important', 'I know a lot of political bickering and appreciate that,'	self-contradiction	non-contradiction	FP
852	QT50_285	'why is anyone doing it', 'it's so awful to work on the train lines'	self-contradiction	non-contradiction	FP
861	QT50_294	'I haven't seen Bim particularly featuring again back to the policy and the strategy of the road that we are on in the Levelling Up Bill as though how this is going to be resolved', 'affordable housing for people to stay in communities is now a massive and growing issue'	self-contradiction	non-contradiction	FP
862	QT50_295	'doesn't the planning regime need to be overhauled to stop the nonsense of development going on in the nimby-ism', 'second homes are obviously a real bad issue in the south west'	self-contradiction	non-contradiction	FP
867	QT50_300	'not now', 'There is a time to get back to the 40%'	self-contradiction	non-contradiction	FP
875	QT50_308	'There would have still been arguments', 'It strikes me as a budget that you could have done after Brexit in 2016 and let a lot of things rip'	self-contradiction	non-contradiction	FP
877	QT50_310	'than having a horrible recession', 'prevent people going bankrupt'	self-contradiction	non-contradiction	FP
880	QT50_313	'To do an announcement like Friday without the Office of Budget Responsibility giving an independent forecast that backs it up', 'This should have been planned'	self-contradiction	non-contradiction	FP
882	QT50_315	'He didn't say anything at all during the interview, Keir Starmer', 'Laura Kuenssberg interviewed Keir Starmer regarding energy bills'	self-contradiction	non-contradiction	FP
890	QT50_323	'the 5% has gone right now', 'the cut for people earning a lot less is not going to happen until April'	self-contradiction	non-contradiction	FP
892	QT50_325	'you're going to be paying more in other costs as well', 'any money you're saving in energy'	self-contradiction	non-contradiction	FP
900	QT50_333	'None of them are now available', 'I was given four different offers'	self-contradiction	non-contradiction	FP
901	QT50_334	'The circumstances outweigh any gains', 'it did want to free up and take off the edge of some of what is effectively a tax on moving and on the housing market'	self-contradiction	non-contradiction	FP
903	QT50_336	'I wouldn't say that's a particular', 'I'm not a marketing genius like Karan here'	self-contradiction	non-contradiction	FP
908	QT50_341	'It is a lot more difficult to actually make them work and come up with firm plans for the future', 'it is easy to make promises when you're in opposition'	self-contradiction	non-contradiction	FP
911	QT50_344	'They want to still cite it now even though it is false', 'Bridget talked about all the money that oil and gas companies are making'	self-contradiction	non-contradiction	FP
914	QT50_347	'But we had to help', 'I understand that'	self-contradiction	non-contradiction	FP
921	QT50_354	'not saying fully ungovernable', 'It has become less governable'	self-contradiction	non-contradiction	FP
923	QT50_356	'rather than the things that matter to people', 'We have seen during that referendum in 2014 and every day since our politics has been dominated by the constitution'	self-contradiction	non-contradiction	FP
924	QT50_357	'they are trying to divide the country all over again', 'All of them could be acted on now'	self-contradiction	non-contradiction	FP
925	QT50_358	'it feels like we've known this all along', 'I don't know why it has taken the rest of them'	self-contradiction	non-contradiction	FP
928	QT50_361	'the way out of it is for Scotland to be independent', 'to rectify the tax cuts there will have to be colossal reductions in public expenditure which will have a devastating impact on poverty and equality in our society'	self-contradiction	non-contradiction	FP
930	QT50_363	'there's a fallacy', 'I'm not a big nationalist'	self-contradiction	non-contradiction	FP
933	QT50_366	'she's this high', 'It's her lifetime ago'	self-contradiction	non-contradiction	FP
934	QT50_367	'The fact is more people voted for union-supporting parties and nationalist parties', 'The Deputy First Minister was saying that the 2021 Scottish election, the SNP did the best'	self-contradiction	non-contradiction	FP
936	QT50_369	'you have to think about your livelihood', 'I would be for independence'	self-contradiction	non-contradiction	FP
938	QT50_371	'that's going to block it, is it not', 'Surely one of the arguments voting for independence is to enable Scotland to join the EU'	self-contradiction	non-contradiction	FP
939	QT50_372	'rather than seeking more powers and divide the country all over again', 'To do all the things we could do right now'	self-contradiction	non-contradiction	FP
940	QT50_373	'you didn't support the independence', 'you wanted Nicola Sturgeon to steer us through the pandemic'	self-contradiction	non-contradiction	FP
941	QT50_374	'you want us to open that all up again', 'We come straight through COVID and have been plunged into an economic crisis where people are risking their jobs, homes and livelihoods'	self-contradiction	non-contradiction	FP
943	QT50_376	'the Labour Party, Conservatives and the Liberals majored on the party that their parties should be supported to stop a referendum', 'there should be a referendum on independence'	self-contradiction	non-contradiction	FP
946	QT50_379	'talking about the real meat of the matter', 'is probably ill-advised at best'	self-contradiction	non-contradiction	FP
948	QT50_381	'everybody makes a mistake and maybe we should move on', 'We shouldn't detest anybody, especially if you are in the business of looking after people'	self-contradiction	non-contradiction	FP
953	QT50_386	'she apologised', 'She was'	self-contradiction	non-contradiction	FP
957	QT50_390	'things haven't changed', 'the leadership of Sinn Fein are trying to say there is a momentum behind this'	self-contradiction	non-contradiction	FP
960	QT50_393	'she’s in the pocket of the ERG', 'This is a serious office of state'	self-contradiction	non-contradiction	FP
961	QT50_394	'Rishi Sunak moved Conservative constituencies up the list', 'last year, or two years ago, the town fund put towns in…580 towns in order of their greatest need'	self-contradiction	non-contradiction	FP
963	QT50_396	'not themselves,', 'they should have the best interests of the country uppermost in their minds'	self-contradiction	non-contradiction	FP
964	QT50_397	'not the party', 'they should have the best interests of the country uppermost in their minds'	self-contradiction	non-contradiction	FP
965	QT50_398	'I’m concerned that he’s more focused on his party than the actual country', 'It would be very hard for Rishi Sunak not to be moderately better'	self-contradiction	non-contradiction	FP
966	QT50_399	'I’m thinking of you, Michael Gove', 'he wanted them to be, to paraphrase an American president, spitting out of the tent rather than spitting in'	self-contradiction	non-contradiction	FP
967	QT50_400	'So is levelling up still going to happen', 'a big issue for that was levelling up'	self-contradiction	non-contradiction	FP
968	QT50_401	'you asked quite a lot of other questions as well', 'not because this isn’t worth talking about'	self-contradiction	non-contradiction	FP
969	QT50_402	'The one thing it’s not really good at is saving lives, unfortunately', 'The NHS is really good at lots of things'	self-contradiction	non-contradiction	FP
970	QT50_403	'it didn’t go up by as much as it had gone up under Blair and Brown', 'even when there was austerity under Cameron, it did go up'	self-contradiction	non-contradiction	FP
973	QT50_406	'You only got appointed last night, hadn’t you', 'you should know'	self-contradiction	non-contradiction	FP
974	QT50_407	'it was uppermost in most people’s minds that she was not fit for office', 'Why did they elect Liz Truss'	self-contradiction	non-contradiction	FP
975	QT50_408	'why did she get the office', 'it was uppermost in most people’s minds that she was not fit for office'	self-contradiction	non-contradiction	FP
979	QT50_412	'now my life as I knew it is unrecognisable', 'I was completely fit and healthy before'	self-contradiction	non-contradiction	FP
984	QT50_417	'we’re committed to dealing with those', 'We absolutely recognise that there are backlogs'	self-contradiction	non-contradiction	FP
986	QT50_419	'let’s wait for the announcement', 'you are reading'	self-contradiction	non-contradiction	FP
991	QT50_424	'we thought we had it with national insurance', 'This has been the cast iron guaranteed commitment'	self-contradiction	non-contradiction	FP
996	QT50_429	'it’s not a care quality issue', 'that means it’s a resources issue'	self-contradiction	non-contradiction	FP
999	QT50_432	'or if it’s an opening offer', 'I don’t know whether the 17 and a half per cent is really exactly what the nurses want'	self-contradiction	non-contradiction	FP
1001	QT50_434	'we certainly can’t afford a great deal more', 'that isn’t only about possibly a slightly higher pay rise'	self-contradiction	non-contradiction	FP
1002	QT50_435	'instead it’s fewer', 'they actually need more people to look after them'	self-contradiction	non-contradiction	FP
1004	QT50_437	'Instead of which he’s now being held to account by Ant and Dec instead of being held to account by the COVID enquiry', 'He could have made real change happen'	self-contradiction	non-contradiction	FP
1007	QT50_440	'some of us are involved in politics in order to try and make the world better', 'the modern way of looking at politicians is to laugh at us or to sneer at us'	self-contradiction	non-contradiction	FP
1010	QT50_443	'instead they’re this rotten, rotten government that we have to put up with', 'If it was in a business'	self-contradiction	non-contradiction	FP
1011	QT50_444	'instead they’re this rotten, rotten government that we have to put up with', 'If this was happening in a school'	self-contradiction	non-contradiction	FP
1012	QT50_445	'What I’m more concerned about is the fact that we have a Home Secretary who last week referred to refugees, people fleeing war conflict, as an invasion', 'I just don’t care'	self-contradiction	non-contradiction	FP
1013	QT50_446	'and what Matt Hancock’s done', 'There’s a huge difference between Gavin Williamson and what he did and what some others have done in parliament and indeed the flaws of this current cabinet that we’re already seeing'	self-contradiction	non-contradiction	FP
1014	QT50_447	'to give him more and more attention just seems to be really counterproductive', 'if he does it, he does it'	self-contradiction	non-contradiction	FP
1016	QT50_449	'I couldn’t care less', 'Matt Hancock wants to do something'	self-contradiction	non-contradiction	FP
1019	QT50_452	'somehow or other you think it might be a good idea to have a bully boy on your side', 'you know that one of them is a bully'	self-contradiction	non-contradiction	FP
1021	QT50_454	'That's not what I'm going to say', 'people say'	self-contradiction	non-contradiction	FP
1024	QT50_457	'What about the single market', 'Bridget, what you want to know is the policies'	self-contradiction	non-contradiction	FP
1027	QT50_460	'Keir Starmer can be business friendly', 'business did not see Jeremy Corbyn as being business friendly'	self-contradiction	non-contradiction	FP
1030	QT50_463	'that was unrelated', 'I was at the Conservative Party Conference'	self-contradiction	non-contradiction	FP
1031	QT50_464	'it is because they don't feel they are being listened to', 'not because unions want to strike'	self-contradiction	non-contradiction	FP
1033	QT50_466	'the biggest, the biggest thing we did against growth was come out of the single market', 'the conversation is all about growth and building growth'	self-contradiction	non-contradiction	FP
1038	QT50_471	'hugely flawed though it is', 'that this COP process, hugely flawed though it is, is the only game in town when it comes to having a place where countries of the global south and countries of the global north can come together on some level of equality'	self-contradiction	non-contradiction	FP
1039	QT50_472	'what he’s doing is greenlighting yet more oil and gas', 'we had Rishi Sunak claiming that he’s going to go faster'	self-contradiction	non-contradiction	FP
1040	QT50_473	'he’s refusing to rule out a new coal mine of all things', 'we had Rishi Sunak claiming that he’s going to go faster'	self-contradiction	non-contradiction	FP
1041	QT50_474	'He’s still going ahead with fossil fuel subsidies', 'we had Rishi Sunak claiming that he’s going to go faster'	self-contradiction	non-contradiction	FP
1043	QT50_476	'even if China’s not there, India’s not there', 'also some of the unexpected things or at least positive things that are coming out of the countries'	self-contradiction	non-contradiction	FP
1047	QT50_480	'it is the only one we’ve got', 'you can understand why there is so much disillusion with the process'	self-contradiction	non-contradiction	FP
1049	QT50_482	'we look at all the CO2 that’s coming out of Ukraine with all the bombs and everything, I mean, what damage that actually is doing to the environment and accelerating', 'We’ve talked about Russia'	self-contradiction	non-contradiction	FP
1051	QT50_484	'something’s going on in there', 'they call themselves activists'	self-contradiction	non-contradiction	FP
1052	QT50_485	'at least Bloomberg, those who know much more about this than me, assure me we are also ruling out some of the worst case scenarios that used to be in that list', 'we get into that far faster than they expected, we’re way ahead of schedule on that'	self-contradiction	non-contradiction	FP
1053	QT50_486	'which is a low carbon form of energy', 'Caroline, you’re against nuclear power'	self-contradiction	non-contradiction	FP
1057	QT50_490	'It’s a protest', 'there’s a new law saying that we mustn’t make noise when we protest'	self-contradiction	non-contradiction	FP
1059	QT50_492	'despite us chairing COP', 'our Prime Minister announced today that despite us chairing COP, he will not be going to the next COP in Egypt'	self-contradiction	non-contradiction	FP
1061	QT50_494	'Or are we just nostalgic about the old days', 'have we got a lesser class of politicians now than we used to'	self-contradiction	non-contradiction	FP
1064	QT50_497	'Not all of them', 'most politicians are actually quite good people'	self-contradiction	non-contradiction	FP
1065	QT50_498	'This is the key thing, is actually most politicians I think are trying to do the right thing', 'we may not agree on many policies'	self-contradiction	non-contradiction	FP
1066	QT50_499	'I get it', 'people don’t understand that'	self-contradiction	non-contradiction	FP
1071	QT50_504	'rather than care for patients', 'We’ve spent the debate talking about healthcare while we were talking about pay for nurses'	self-contradiction	non-contradiction	FP
1072	QT50_505	'instead of how their policies impact real people', 'In the middle we were talking about the activities of MPs talking among themselves'	self-contradiction	non-contradiction	FP
1073	QT50_506	'instead of talking about the issues of the inhabitants', 'we’re spending this debate talking about crazy protesters and politicians going off to echo chambers in Egypt about responding to the most dystopian visions of the planet'	self-contradiction	non-contradiction	FP
1074	QT50_507	'we’re under this ludicrous idea that farms are being sold in Wales and Scotland and Ireland and England, and they’re being planted with trees', 'Everyone here needs a farmer three times a day'	self-contradiction	non-contradiction	FP
1086	QT50_519	'you failed', 'You could have led by example, by actually negotiating, and giving nurses what they wanted in Wales'	self-contradiction	non-contradiction	FP
1089	QT50_522	'There is an answer, that is a glaring answer, staring this Government in the face', 'none of them, none of them have worked'	self-contradiction	non-contradiction	FP
1090	QT50_523	'he's pointing out that there is a problem', 'he gets attacked by the BMA for running down hard working GPs'	self-contradiction	non-contradiction	FP
1091	QT50_524	'they should have thought of that when they started the inflation in the first place', 'the Government going on about inflation and saying, we want to stop inflation'	self-contradiction	non-contradiction	FP
1092	QT50_525	'the first thing that Margaret Thatcher did when she came into office, pretty much, was to pay the public sector quite large increases', 'the Tory Party seems to believe that Margaret Thatcher was tremendously tough, and so they should be like her'	self-contradiction	non-contradiction	FP
1095	QT50_528	'Who on earth do the Tories think have broken this system', 'so many Tories have been talking about how the system is broken'	self-contradiction	non-contradiction	FP
1096	QT50_529	'we all assumed was a barrier across which people couldn't and wouldn’t come', 'The sea, which we all assumed was a barrier across which people couldn't and wouldn’t come, has now become, basically a highway'	self-contradiction	non-contradiction	FP
1097	QT50_530	'We have no successor agreement to Dublin', 'we could'	self-contradiction	non-contradiction	FP
1100	QT50_533	'if not, weeks', 'They're there for days'	self-contradiction	non-contradiction	FP
1101	QT50_534	'he's not saying it', 'Many people have asked him, to try and get him to say it'	self-contradiction	non-contradiction	FP
1102	QT50_535	'The problem with that argument is that the service was in a poor shape before COVID and the lockdown', 'notably COVID and lockdown and flu'	self-contradiction	non-contradiction	FP
1108	QT50_541	'they take everything, move everything, sweep everything, and cap it', 'they have got all the opportunities when things like this happen'	self-contradiction	non-contradiction	FP
1110	QT50_543	'You can't guarantee on a normal day that you will get an ambulance when you need it', 'we're in the ludicrous position at the moment where Conservative ministers are talking about introducing minimum standards during strikes'	self-contradiction	non-contradiction	FP
1115	QT50_548	'when it comes to the issue of life and limb if you don't know that someone will come when there's literally a risk to life, I don't think that's the right', 'the point the gentleman's making, of course you have to be able to strike that balance'	self-contradiction	non-contradiction	FP
1118	QT50_551	'not hiding behind others', 'people expect that the Government take responsibility for the NHS'	self-contradiction	non-contradiction	FP
1121	QT50_554	'The Government need to start tackling inflation first', 'obviously it's conditions also'	self-contradiction	non-contradiction	FP
1122	QT50_555	'one of my criticisms of this is that he doesn't actually have any solutions to it at all', 'lots of terrible mistakes were made'	self-contradiction	non-contradiction	FP
1124	QT50_557	'we go oh, isn't it so good for tourism', 'I think of them as like zoo animals who've been in bred in captivity and they lead these existences where they're clearly really unhappy'	self-contradiction	non-contradiction	FP
1125	QT50_558	'unless you get on top of inflation', 'Winston Churchill, you talked about Conservatives, he was called the treasure in the heart of every man'	self-contradiction	non-contradiction	FP
1127	QT50_560	'she wants money', 'What she is saying saying is not tribute so much'	self-contradiction	non-contradiction	FP
1132	QT50_565	'it is women who are being made to pay for this', 'the one kind of group we haven't mentioned so far is women'	self-contradiction	non-contradiction	FP
1134	QT50_567	'You're making it sound like a lifestyle', 'it could be a genuine trans person born that way'	self-contradiction	non-contradiction	FP
1135	QT50_568	'You don't know', 'You're making it sound like a lifestyle'	self-contradiction	non-contradiction	FP
1137	QT50_570	'it has been quite at times a toxic debate in Scotland', 'it is important to say that'	self-contradiction	non-contradiction	FP
1139	QT50_572	'a lot of these stories are made up', 'some of you might not believe that given what you have read in the press'	self-contradiction	non-contradiction	FP
1140	QT50_573	'the Scottish Prison seem to be catching these people when they should', 'I'm not saying it is an issue of trans issue'	self-contradiction	non-contradiction	FP
1142	QT50_575	'you have to bend over backwards and to that spiel as a woman to say what you want to say', 'dress how you want to dress'	self-contradiction	non-contradiction	FP
1143	QT50_576	'it is important to recognise this is one of the most consulted on pieces of legislation in history, Scottish history', 'we spoke about the review earlier on'	self-contradiction	non-contradiction	FP
1144	QT50_577	'I don't think that's a an acceptable way for the Secretary of State to behave', 'we would have acted in good faith'	self-contradiction	non-contradiction	FP
1145	QT50_578	'you can't biologically change sex', 'You can live your life how you like'	self-contradiction	non-contradiction	FP
1148	QT50_581	'At the moment, that is not allowed', 'it's happened before'	self-contradiction	non-contradiction	FP
1150	QT50_583	'this is something which could practically be done', 'one of the major failures of Labour in many, many years of power, was to get any kind of control over immigration whatsoever'	self-contradiction	non-contradiction	FP
1151	QT50_584	'Which isn't, to me, a particularly attractive prospect', 'turned into some kind of weird campaign to turn Britain into Singapore on Thames'	self-contradiction	non-contradiction	FP
1155	QT50_588	'every single one of the people I speak to outside the UK find it incredibly difficult now to ship wine into the UK', 'producers to bring into it'	self-contradiction	non-contradiction	FP
1156	QT50_589	'Whereas it used to be decided by the European Union', 'That is now under our control'	self-contradiction	non-contradiction	FP
1157	QT50_590	'the other countries have done better out of it', 'The trade deals that have been done with other countries have made us worse off'	self-contradiction	non-contradiction	FP
1159	QT50_592	'there's no parliamentary scrutiny or approval of any of these trade deals', 'the point, which is that, Jacob talks about taking control'	self-contradiction	non-contradiction	FP
1162	QT50_595	'it is still possible to make Brexit work', 'we don't want to re-litigate the debates of the past'	self-contradiction	non-contradiction	FP
1171	QT50_604	'it's not so fine if you're at the beginning of your career', 'It was fine if you're like me'	self-contradiction	non-contradiction	FP
1173	QT50_606	'what you can't control is how much the other countries will grow', 'you can make this pledge'	self-contradiction	non-contradiction	FP
1182	QT50_615	'what we don’t have is a real tangible plan', 'what we’ve got right now is a lot of language that obviously no-one would disagree with'	self-contradiction	non-contradiction	FP
1183	QT50_616	'It’s not true that there are no planes leaving Cardiff airport', 'it’s quite lazy just to dismiss policies as untrue'	self-contradiction	non-contradiction	FP
1184	QT50_617	'it’s not true that Wales…Welsh government are denying any future road building', 'it’s quite lazy just to dismiss policies as untrue'	self-contradiction	non-contradiction	FP
1185	QT50_618	'not with, frankly, some left-wing campaigning lawyers', 'I’m more than happy to side with the security services on that issue'	self-contradiction	non-contradiction	FP
1190	QT50_623	'We don’t know what that evidence is', 'The courts have weighed up the evidence'	self-contradiction	non-contradiction	FP
1191	QT50_624	'she’s committed a crime get her back here', 'I’m proud to be British and I’m not sure I can see that she can pose a threat'	self-contradiction	non-contradiction	FP
1192	QT50_625	'the government decided to make an example of her', 'she should absolutely have been able to come back here and be tried for the crimes she is said to have committed that mean the government have taken her citizenship away'	self-contradiction	non-contradiction	FP
1195	QT50_628	'later say no, it was a woman who raped a woman', 'we would engage in such legal disingenuousness as to suggest you could change the idea that a man rapes a woman'	self-contradiction	non-contradiction	FP
1199	QT50_632	'the government refuses to put in place a proper windfall tax', 'Shell today made eye-watering profits, driven by the energy crisis, paid by everybody in this room'	self-contradiction	non-contradiction	FP
1200	QT50_633	'you’ve decided not to mention at all that books like Charlotte’s Web, right', 'how interesting that you’ve made this an issue to talk about'	self-contradiction	non-contradiction	FP
1202	QT50_635	'bullying for children will continue', 'which probably the publishers are using as they monetise the nostalgia that is Roald Dahl for many parents actually'	self-contradiction	non-contradiction	FP
1215	QT50_648	'I wouldn't give a damn about going to Rwanda', 'we constantly keep hearing sound bites from this Government about Rwanda'	self-contradiction	non-contradiction	FP
1217	QT50_650	'they're an even more vulnerable population', 'given that if we're talking about the welfare of these people who come here'	self-contradiction	non-contradiction	FP
1218	QT50_651	'now we've got governments that are trying to rip up those obligations', 'We helped write the refugee convention'	self-contradiction	non-contradiction	FP
1219	QT50_652	'now we've got governments that are trying to rip up those obligations', 'We helped build the universal declaration on human rights'	self-contradiction	non-contradiction	FP
1226	QT50_659	'the situation is worse', 'we've had Brexit, where we're supposed to take control of our own borders'	self-contradiction	non-contradiction	FP
1227	QT50_660	'so far what we've heard is pretty universal criticism of it', 'the Government is pursuing this policy in the belief that it is popular with the electorate'	self-contradiction	non-contradiction	FP
1232	QT50_665	'why have they quadrupled', 'A big problem'	self-contradiction	non-contradiction	FP
1233	QT50_666	'It's the rest of the world where they're going up', 'When we talk about we, sure, China, the rest of the world, I mean the rich world's carbon emissions have been going down pretty much over the last couple of decades'	self-contradiction	non-contradiction	FP
1234	QT50_667	'what we saw today was yet another bit of green wash', 'quite frankly a bit of leadership'	self-contradiction	non-contradiction	FP
1236	QT50_669	'if we leave them our house, our children will be subject to paying a 40 per cent inheritance tax on that property', 'the only way that they potentially will be able to have a house is if my husband and I leave them the house that we will eventually finish paying our mortgage when we're into our 60s'	self-contradiction	non-contradiction	FP
1242	QT50_675	'It's the local government that tend to put a spanner in the works', 'every national government pretty much does'	self-contradiction	non-contradiction	FP
1244	QT50_677	'our Government is cutting the aid budget', 'Tonight 800 million will go to bed hungry around the world'	self-contradiction	non-contradiction	FP
1245	QT50_678	'young people can't get on the property ladder', 'Those who happen to have wealth are seeing their wealth accumulate at greater rates than we've seen in history'	self-contradiction	non-contradiction	FP
1256	US2016_000	'she's staying above the noise', 'most of what she said has been fluff and targeted rhetoric'	self-contradiction	non-contradiction	FP
1257	US2016_001	'Sanders has just been full of platitudes with no specifics', 'most of what she said has been fluff and targeted rhetoric'	self-contradiction	non-contradiction	FP
1260	US2016_004	'It would really help mine', '5200 before tax won't cover rent'	self-contradiction	non-contradiction	FP
1267	US2016_011	'No', 'You're supporting Trump here'	self-contradiction	non-contradiction	FP
1268	US2016_012	'this isn't a debate', 'No ones debating anything'	self-contradiction	non-contradiction	FP
1269	US2016_013	'They stopped throwing anything to Carson like half an hour in', 'Fox News is throwing softballs to everyone but Trump'	self-contradiction	non-contradiction	FP
1270	US2016_014	'I have been on the forefront of dealing with climate change', 'I never took a position on Keystone until I took a position on Keystone'	self-contradiction	non-contradiction	FP
1273	US2016_017	'I would n't do that', 'I 've been very nice to you , although I could probably maybe not be'	self-contradiction	non-contradiction	FP
1274	US2016_018	'I defunded Planned Parenthood more than four years ago , long before any of these videos came out', 'Unlike Hillary Clinton , who has a radical position in terms of support for Planned Parenthood'	self-contradiction	non-contradiction	FP
1278	US2016_022	'we didn't create ISIS', 'only ISIS is responsible for the terrorism'	self-contradiction	non-contradiction	FP
1282	US2016_026	'the kind of plan that Donald has put forth would be trickle-down economics all over again', 'We also , though , need to have a tax system that rewards work and not just financial transactions'	self-contradiction	non-contradiction	FP
1283	US2016_027	'That is not how we grow the economy', 'trumped-up trickle-down , because that 's exactly what it would be'	self-contradiction	non-contradiction	FP
1284	US2016_028	'That is not how we grow the economy', 'the kind of plan that Donald has put forth would be trickle-down economics all over again'	self-contradiction	non-contradiction	FP
1285	US2016_029	'I don't buy that', 'he really believes that the more you help wealthy people , the better off we 'll be and that everything will work out from there'	self-contradiction	non-contradiction	FP
1288	US2016_032	'big league', 'Bigly'	self-contradiction	non-contradiction	FP
1289	US2016_033	'Big-league', 'Bigly'	self-contradiction	non-contradiction	FP
1291	US2016_035	'Mr. Trump , you 're calling for tax cuts for the wealthy', 'Secretary Clinton , you 're calling for a tax increase on the wealthiest Americans'	self-contradiction	non-contradiction	FP
1293	US2016_037	'I would go against them if she releases her e-mails', 'When the audit 's complete , I 'll do it'	self-contradiction	non-contradiction	FP
1297	US2016_041	'my strongest asset , maybe by far , is my temperament', 'temperament , let 's go after'	self-contradiction	non-contradiction	FP
1307	US2016_051	'it's people', 'Our economy isn't money'	self-contradiction	non-contradiction	FP
1320	US2016_064	'It is not a solution for any of our problems', 'Nobody proposes common sense gun solutions'	self-contradiction	non-contradiction	FP
